com,white_irish,white_irish_traveller,other_white,black_or_black_irish,asian_or_asian_irish,other,not_stated
ballina,7106.5237714,406.3700281,830.549243,26.9860323,170.3514789,131.0883549,226.8697708
cork,0,0,0,0,0,0,0
sligo,20813.1971471,232.757836,2175.29192,546.0891872,1092.819106,508.5528958,2042.0471972
